<?xml version="1.0" encoding="UTF-8"?>
<GenRun Id="impl_1" LaunchPart="xc7a35tcpg236-1" LaunchTime="1600252300">
  <File Type="PWROPT-DCP" Name="pong_pallete_controller_pwropt.dcp"/>
  <File Type="ROUTE-PWR" Name="pong_pallete_controller_power_routed.rpt"/>
  <File Type="PA-TCL" Name="pong_pallete_controller.tcl"/>
  <File Type="ROUTE-PWR-SUM" Name="pong_pallete_controller_power_summary_routed.pb"/>
  <File Type="REPORTS-TCL" Name="pong_pallete_controller_reports.tcl"/>
  <File Type="BG-DRC" Name="pong_pallete_controller.drc"/>
  <File Type="OPT-METHODOLOGY-DRC" Name="pong_pallete_controller_methodology_drc_opted.rpt"/>
  <File Type="INIT-TIMING" Name="pong_pallete_controller_timing_summary_init.rpt"/>
  <File Type="OPT-HWDEF" Name="pong_pallete_controller.hwdef"/>
  <File Type="OPT-DCP" Name="pong_pallete_controller_opt.dcp"/>
  <File Type="OPT-DRC" Name="pong_pallete_controller_drc_opted.rpt"/>
  <File Type="OPT-TIMING" Name="pong_pallete_controller_timing_summary_opted.rpt"/>
  <File Type="PWROPT-DRC" Name="pong_pallete_controller_drc_pwropted.rpt"/>
  <File Type="PWROPT-TIMING" Name="pong_pallete_controller_timing_summary_pwropted.rpt"/>
  <File Type="PLACE-DCP" Name="pong_pallete_controller_placed.dcp"/>
  <File Type="PLACE-IO" Name="pong_pallete_controller_io_placed.rpt"/>
  <File Type="PLACE-CLK" Name="pong_pallete_controller_clock_utilization_placed.rpt"/>
  <File Type="PLACE-UTIL" Name="pong_pallete_controller_utilization_placed.rpt"/>
  <File Type="PLACE-UTIL-PB" Name="pong_pallete_controller_utilization_placed.pb"/>
  <File Type="PLACE-CTRL" Name="pong_pallete_controller_control_sets_placed.rpt"/>
  <File Type="PLACE-SIMILARITY" Name="pong_pallete_controller_incremental_reuse_placed.rpt"/>
  <File Type="PLACE-PRE-SIMILARITY" Name="pong_pallete_controller_incremental_reuse_pre_placed.rpt"/>
  <File Type="PLACE-TIMING" Name="pong_pallete_controller_timing_summary_placed.rpt"/>
  <File Type="POSTPLACE-PWROPT-DCP" Name="pong_pallete_controller_postplace_pwropt.dcp"/>
  <File Type="POSTPLACE-PWROPT-TIMING" Name="pong_pallete_controller_timing_summary_postplace_pwropted.rpt"/>
  <File Type="PHYSOPT-DCP" Name="pong_pallete_controller_physopt.dcp"/>
  <File Type="PHYSOPT-DRC" Name="pong_pallete_controller_drc_physopted.rpt"/>
  <File Type="BG-BIT" Name="pong_pallete_controller.bit"/>
  <File Type="PHYSOPT-TIMING" Name="pong_pallete_controller_timing_summary_physopted.rpt"/>
  <File Type="ROUTE-ERROR-DCP" Name="pong_pallete_controller_routed_error.dcp"/>
  <File Type="ROUTE-DCP" Name="pong_pallete_controller_routed.dcp"/>
  <File Type="ROUTE-BLACKBOX-DCP" Name="pong_pallete_controller_routed_bb.dcp"/>
  <File Type="ROUTE-DRC" Name="pong_pallete_controller_drc_routed.rpt"/>
  <File Type="ROUTE-DRC-PB" Name="pong_pallete_controller_drc_routed.pb"/>
  <File Type="BITSTR-MSK" Name="pong_pallete_controller.msk"/>
  <File Type="ROUTE-DRC-RPX" Name="pong_pallete_controller_drc_routed.rpx"/>
  <File Type="BG-BGN" Name="pong_pallete_controller.bgn"/>
  <File Type="ROUTE-METHODOLOGY-DRC" Name="pong_pallete_controller_methodology_drc_routed.rpt"/>
  <File Type="BITSTR-RBT" Name="pong_pallete_controller.rbt"/>
  <File Type="ROUTE-METHODOLOGY-DRC-RPX" Name="pong_pallete_controller_methodology_drc_routed.rpx"/>
  <File Type="BG-BIN" Name="pong_pallete_controller.bin"/>
  <File Type="ROUTE-METHODOLOGY-DRC-PB" Name="pong_pallete_controller_methodology_drc_routed.pb"/>
  <File Type="ROUTE-PWR-RPX" Name="pong_pallete_controller_power_routed.rpx"/>
  <File Type="ROUTE-STATUS" Name="pong_pallete_controller_route_status.rpt"/>
  <File Type="ROUTE-STATUS-PB" Name="pong_pallete_controller_route_status.pb"/>
  <File Type="ROUTE-TIMINGSUMMARY" Name="pong_pallete_controller_timing_summary_routed.rpt"/>
  <File Type="ROUTE-TIMING-PB" Name="pong_pallete_controller_timing_summary_routed.pb"/>
  <File Type="ROUTE-TIMING-RPX" Name="pong_pallete_controller_timing_summary_routed.rpx"/>
  <File Type="ROUTE-SIMILARITY" Name="pong_pallete_controller_incremental_reuse_routed.rpt"/>
  <File Type="RDI-RDI" Name="pong_pallete_controller.vdi"/>
  <File Type="ROUTE-CLK" Name="pong_pallete_controller_clock_utilization_routed.rpt"/>
  <File Type="POSTROUTE-PHYSOPT-DCP" Name="pong_pallete_controller_postroute_physopt.dcp"/>
  <File Type="POSTROUTE-PHYSOPT-BLACKBOX-DCP" Name="pong_pallete_controller_postroute_physopt_bb.dcp"/>
  <File Type="POSTROUTE-PHYSOPT-TIMING" Name="pong_pallete_controller_timing_summary_postroute_physopted.rpt"/>
  <File Type="POSTROUTE-PHYSOPT-TIMING-PB" Name="pong_pallete_controller_timing_summary_postroute_physopted.pb"/>
  <File Type="POSTROUTE-PHYSOPT-TIMING-RPX" Name="pong_pallete_controller_timing_summary_postroute_physopted.rpx"/>
  <File Type="BITSTR-NKY" Name="pong_pallete_controller.nky"/>
  <File Type="BITSTR-BMM" Name="pong_pallete_controller_bd.bmm"/>
  <File Type="BITSTR-MMI" Name="pong_pallete_controller.mmi"/>
  <File Type="BITSTR-LTX" Name="debug_nets.ltx"/>
  <File Type="BITSTR-LTX" Name="pong_pallete_controller.ltx"/>
  <File Type="BITSTR-SYSDEF" Name="pong_pallete_controller.sysdef"/>
  <File Type="WBT-USG" Name="usage_statistics_webtalk.html"/>
  <FileSet Name="sources" Type="DesignSrcs" RelSrcDir="$PSRCDIR/sources_1">
    <Filter Type="Srcs"/>
    <File Path="$PSRCDIR/sources_1/bd/design_1/design_1.bd">
      <FileInfo>
        <Attr Name="ImportPath" Val="$PPRDIR/../../project_6/project_6.srcs/sources_1/bd/design_1/design_1.bd"/>
        <Attr Name="ImportTime" Val="1597059382"/>
        <Attr Name="UsedIn" Val="synthesis"/>
        <Attr Name="UsedIn" Val="implementation"/>
        <Attr Name="UsedIn" Val="simulation"/>
      </FileInfo>
    </File>
    <File Path="$PSRCDIR/sources_1/ip/clk_wiz_0/clk_wiz_0.xci">
      <FileInfo>
        <Attr Name="ImportPath" Val="$PPRDIR/../../project_6/project_6.srcs/sources_1/ip/clk_wiz_0/clk_wiz_0.xci"/>
        <Attr Name="ImportTime" Val="1594835617"/>
        <Attr Name="UsedIn" Val="synthesis"/>
        <Attr Name="UsedIn" Val="implementation"/>
        <Attr Name="UsedIn" Val="simulation"/>
      </FileInfo>
    </File>
    <File Path="$PSRCDIR/sources_1/new/credits_screen.v">
      <FileInfo>
        <Attr Name="UsedIn" Val="synthesis"/>
        <Attr Name="UsedIn" Val="implementation"/>
        <Attr Name="UsedIn" Val="simulation"/>
      </FileInfo>
    </File>
    <File Path="$PSRCDIR/sources_1/bd/design_1/hdl/design_1_wrapper.v">
      <FileInfo>
        <Attr Name="ImportPath" Val="$PPRDIR/../../project_6/project_6.srcs/sources_1/bd/design_1/hdl/design_1_wrapper.v"/>
        <Attr Name="ImportTime" Val="1597155892"/>
        <Attr Name="UsedIn" Val="synthesis"/>
        <Attr Name="UsedIn" Val="implementation"/>
        <Attr Name="UsedIn" Val="simulation"/>
      </FileInfo>
    </File>
    <File Path="$PSRCDIR/sources_1/imports/new/game_screen.v">
      <FileInfo>
        <Attr Name="ImportPath" Val="$PSRCDIR/sources_1/imports/sources_1/new/game_screen.v"/>
        <Attr Name="ImportTime" Val="1598281206"/>
        <Attr Name="UsedIn" Val="synthesis"/>
        <Attr Name="UsedIn" Val="implementation"/>
        <Attr Name="UsedIn" Val="simulation"/>
      </FileInfo>
    </File>
    <File Path="$PSRCDIR/sources_1/new/menu_screen.v">
      <FileInfo>
        <Attr Name="UsedIn" Val="synthesis"/>
        <Attr Name="UsedIn" Val="implementation"/>
        <Attr Name="UsedIn" Val="simulation"/>
      </FileInfo>
    </File>
    <File Path="$PSRCDIR/sources_1/new/options_screen.v">
      <FileInfo>
        <Attr Name="UsedIn" Val="synthesis"/>
        <Attr Name="UsedIn" Val="implementation"/>
        <Attr Name="UsedIn" Val="simulation"/>
      </FileInfo>
    </File>
    <File Path="$PSRCDIR/sources_1/imports/sources_1/imports/imports/zipFile/vga_example.v">
      <FileInfo>
        <Attr Name="ImportPath" Val="$PPRDIR/../../project_5/project_5.srcs/sources_1/imports/imports/zipFile/vga_example.v"/>
        <Attr Name="ImportTime" Val="1594757840"/>
        <Attr Name="UsedIn" Val="synthesis"/>
        <Attr Name="UsedIn" Val="implementation"/>
        <Attr Name="UsedIn" Val="simulation"/>
      </FileInfo>
    </File>
    <File Path="$PSRCDIR/sources_1/imports/sources_1/imports/imports/PONG_game/vga_timing.v">
      <FileInfo>
        <Attr Name="ImportPath" Val="$PPRDIR/../../project_5/project_5.srcs/sources_1/imports/imports/PONG_game/vga_timing.v"/>
        <Attr Name="ImportTime" Val="1594736236"/>
        <Attr Name="UsedIn" Val="synthesis"/>
        <Attr Name="UsedIn" Val="implementation"/>
        <Attr Name="UsedIn" Val="simulation"/>
      </FileInfo>
    </File>
    <File Path="$PSRCDIR/sources_1/new/winner_screen.v">
      <FileInfo>
        <Attr Name="UsedIn" Val="synthesis"/>
        <Attr Name="UsedIn" Val="implementation"/>
        <Attr Name="UsedIn" Val="simulation"/>
      </FileInfo>
    </File>
    <File Path="$PSRCDIR/sources_1/new/pong_pallete_controller.v">
      <FileInfo>
        <Attr Name="ImportPath" Val="$PPRDIR/../../project_6/project_6.srcs/sources_1/new/pong_pallete_controller.v"/>
        <Attr Name="ImportTime" Val="1597406085"/>
        <Attr Name="UsedIn" Val="synthesis"/>
        <Attr Name="UsedIn" Val="implementation"/>
        <Attr Name="UsedIn" Val="simulation"/>
      </FileInfo>
    </File>
    <File Path="$PPRDIR/archive_project_summary.txt"/>
    <Config>
      <Option Name="DesignMode" Val="RTL"/>
      <Option Name="TopModule" Val="pong_pallete_controller"/>
    </Config>
  </FileSet>
  <FileSet Name="constrs_in" Type="Constrs" RelSrcDir="$PSRCDIR/constrs_1">
    <Filter Type="Constrs"/>
    <File Path="$PSRCDIR/constrs_1/imports/Desktop/project_5/project_5.srcs/constrs_1/imports/PONG_game/VGA_contraints.xdc">
      <FileInfo>
        <Attr Name="ImportPath" Val="$PPRDIR/../../project_5/project_5.srcs/constrs_1/imports/PONG_game/VGA_contraints.xdc"/>
        <Attr Name="ImportTime" Val="1594757741"/>
        <Attr Name="UsedIn" Val="synthesis"/>
        <Attr Name="UsedIn" Val="implementation"/>
      </FileInfo>
    </File>
    <File Path="$PSRCDIR/constrs_1/imports/Desktop/project_4_parallel_screen_and_board/project_4.srcs/constrs_1/new/Board_constraints.xdc">
      <FileInfo>
        <Attr Name="ImportPath" Val="$PPRDIR/../../project_4_parallel_screen_and_board/project_4.srcs/constrs_1/new/Board_constraints.xdc"/>
        <Attr Name="ImportTime" Val="1594744683"/>
        <Attr Name="UsedIn" Val="synthesis"/>
        <Attr Name="UsedIn" Val="implementation"/>
      </FileInfo>
    </File>
    <Config>
      <Option Name="ConstrsType" Val="XDC"/>
    </Config>
  </FileSet>
  <Strategy Version="1" Minor="2">
    <StratHandle Name="Vivado Implementation Defaults" Flow="Vivado Implementation 2017"/>
    <Step Id="init_design"/>
    <Step Id="opt_design"/>
    <Step Id="power_opt_design"/>
    <Step Id="place_design"/>
    <Step Id="post_place_power_opt_design"/>
    <Step Id="phys_opt_design"/>
    <Step Id="route_design"/>
    <Step Id="post_route_phys_opt_design"/>
    <Step Id="write_bitstream"/>
  </Strategy>
  <BlockFileSet Type="BlockSrcs" Name="design_1_axi_gpio_0_0"/>
  <BlockFileSet Type="BlockSrcs" Name="design_1_microblaze_0_0"/>
  <BlockFileSet Type="BlockSrcs" Name="design_1_dlmb_bram_if_cntlr_0"/>
  <BlockFileSet Type="BlockSrcs" Name="design_1_ilmb_v10_0"/>
  <BlockFileSet Type="BlockSrcs" Name="design_1_clk_wiz_0_0"/>
  <BlockFileSet Type="BlockSrcs" Name="design_1_dlmb_v10_0"/>
  <BlockFileSet Type="BlockSrcs" Name="design_1_rst_clk_wiz_0_100M_0"/>
  <BlockFileSet Type="BlockSrcs" Name="design_1_ilmb_bram_if_cntlr_0"/>
  <BlockFileSet Type="BlockSrcs" Name="design_1_axi_uartlite_0_0"/>
  <BlockFileSet Type="BlockSrcs" Name="design_1_xbar_0"/>
</GenRun>
