<?xml version="1.0" encoding="UTF-8"?>
<GenRun Id="synth_1" LaunchPart="xc7a35tcpg236-1" LaunchTime="1600028715">
  <File Type="PA-TCL" Name="pong_pallete_controller.tcl"/>
  <File Type="RDS-PROPCONSTRS" Name="pong_pallete_controller_drc_synth.rpt"/>
  <File Type="REPORTS-TCL" Name="pong_pallete_controller_reports.tcl"/>
  <File Type="RDS-RDS" Name="pong_pallete_controller.vds"/>
  <File Type="RDS-UTIL" Name="pong_pallete_controller_utilization_synth.rpt"/>
  <File Type="RDS-UTIL-PB" Name="pong_pallete_controller_utilization_synth.pb"/>
  <File Type="RDS-DCP" Name="pong_pallete_controller.dcp"/>
  <File Type="VDS-TIMINGSUMMARY" Name="pong_pallete_controller_timing_summary_synth.rpt"/>
  <File Type="VDS-TIMING-PB" Name="pong_pallete_controller_timing_summary_synth.pb"/>
  <FileSet Name="sources" Type="DesignSrcs" RelSrcDir="$PSRCDIR/sources_1">
    <Filter Type="Srcs"/>
    <File Path="$PSRCDIR/sources_1/bd/design_1/design_1.bd">
      <FileInfo>
        <Attr Name="ImportPath" Val="$PPRDIR/../../project_6/project_6.srcs/sources_1/bd/design_1/design_1.bd"/>
        <Attr Name="ImportTime" Val="1597059382"/>
        <Attr Name="UsedIn" Val="synthesis"/>
        <Attr Name="UsedIn" Val="implementation"/>
        <Attr Name="UsedIn" Val="simulation"/>
      </FileInfo>
    </File>
    <File Path="$PSRCDIR/sources_1/ip/clk_wiz_0/clk_wiz_0.xci">
      <FileInfo>
        <Attr Name="ImportPath" Val="$PPRDIR/../../project_6/project_6.srcs/sources_1/ip/clk_wiz_0/clk_wiz_0.xci"/>
        <Attr Name="ImportTime" Val="1594835617"/>
        <Attr Name="UsedIn" Val="synthesis"/>
        <Attr Name="UsedIn" Val="implementation"/>
        <Attr Name="UsedIn" Val="simulation"/>
      </FileInfo>
    </File>
    <File Path="$PSRCDIR/sources_1/new/credits_screen.v">
      <FileInfo>
        <Attr Name="UsedIn" Val="synthesis"/>
        <Attr Name="UsedIn" Val="implementation"/>
        <Attr Name="UsedIn" Val="simulation"/>
      </FileInfo>
    </File>
    <File Path="$PSRCDIR/sources_1/bd/design_1/hdl/design_1_wrapper.v">
      <FileInfo>
        <Attr Name="ImportPath" Val="$PPRDIR/../../project_6/project_6.srcs/sources_1/bd/design_1/hdl/design_1_wrapper.v"/>
        <Attr Name="ImportTime" Val="1597155892"/>
        <Attr Name="UsedIn" Val="synthesis"/>
        <Attr Name="UsedIn" Val="implementation"/>
        <Attr Name="UsedIn" Val="simulation"/>
      </FileInfo>
    </File>
    <File Path="$PSRCDIR/sources_1/imports/new/game_screen.v">
      <FileInfo>
        <Attr Name="ImportPath" Val="$PSRCDIR/sources_1/imports/sources_1/new/game_screen.v"/>
        <Attr Name="ImportTime" Val="1598281206"/>
        <Attr Name="UsedIn" Val="synthesis"/>
        <Attr Name="UsedIn" Val="implementation"/>
        <Attr Name="UsedIn" Val="simulation"/>
      </FileInfo>
    </File>
    <File Path="$PSRCDIR/sources_1/new/menu_screen.v">
      <FileInfo>
        <Attr Name="UsedIn" Val="synthesis"/>
        <Attr Name="UsedIn" Val="implementation"/>
        <Attr Name="UsedIn" Val="simulation"/>
      </FileInfo>
    </File>
    <File Path="$PSRCDIR/sources_1/new/options_screen.v">
      <FileInfo>
        <Attr Name="UsedIn" Val="synthesis"/>
        <Attr Name="UsedIn" Val="implementation"/>
        <Attr Name="UsedIn" Val="simulation"/>
      </FileInfo>
    </File>
    <File Path="$PSRCDIR/sources_1/imports/sources_1/imports/imports/zipFile/vga_example.v">
      <FileInfo>
        <Attr Name="ImportPath" Val="$PPRDIR/../../project_5/project_5.srcs/sources_1/imports/imports/zipFile/vga_example.v"/>
        <Attr Name="ImportTime" Val="1594757840"/>
        <Attr Name="UsedIn" Val="synthesis"/>
        <Attr Name="UsedIn" Val="implementation"/>
        <Attr Name="UsedIn" Val="simulation"/>
      </FileInfo>
    </File>
    <File Path="$PSRCDIR/sources_1/imports/sources_1/imports/imports/PONG_game/vga_timing.v">
      <FileInfo>
        <Attr Name="ImportPath" Val="$PPRDIR/../../project_5/project_5.srcs/sources_1/imports/imports/PONG_game/vga_timing.v"/>
        <Attr Name="ImportTime" Val="1594736236"/>
        <Attr Name="UsedIn" Val="synthesis"/>
        <Attr Name="UsedIn" Val="implementation"/>
        <Attr Name="UsedIn" Val="simulation"/>
      </FileInfo>
    </File>
    <File Path="$PSRCDIR/sources_1/new/winner_screen.v">
      <FileInfo>
        <Attr Name="UsedIn" Val="synthesis"/>
        <Attr Name="UsedIn" Val="implementation"/>
        <Attr Name="UsedIn" Val="simulation"/>
      </FileInfo>
    </File>
    <File Path="$PSRCDIR/sources_1/new/pong_pallete_controller.v">
      <FileInfo>
        <Attr Name="ImportPath" Val="$PPRDIR/../../project_6/project_6.srcs/sources_1/new/pong_pallete_controller.v"/>
        <Attr Name="ImportTime" Val="1597406085"/>
        <Attr Name="UsedIn" Val="synthesis"/>
        <Attr Name="UsedIn" Val="implementation"/>
        <Attr Name="UsedIn" Val="simulation"/>
      </FileInfo>
    </File>
    <File Path="$PPRDIR/archive_project_summary.txt"/>
    <Config>
      <Option Name="DesignMode" Val="RTL"/>
      <Option Name="TopModule" Val="pong_pallete_controller"/>
    </Config>
  </FileSet>
  <FileSet Name="constrs_in" Type="Constrs" RelSrcDir="$PSRCDIR/constrs_1">
    <Filter Type="Constrs"/>
    <File Path="$PSRCDIR/constrs_1/imports/Desktop/project_5/project_5.srcs/constrs_1/imports/PONG_game/VGA_contraints.xdc">
      <FileInfo>
        <Attr Name="ImportPath" Val="$PPRDIR/../../project_5/project_5.srcs/constrs_1/imports/PONG_game/VGA_contraints.xdc"/>
        <Attr Name="ImportTime" Val="1594757741"/>
        <Attr Name="UsedIn" Val="synthesis"/>
        <Attr Name="UsedIn" Val="implementation"/>
      </FileInfo>
    </File>
    <File Path="$PSRCDIR/constrs_1/imports/Desktop/project_4_parallel_screen_and_board/project_4.srcs/constrs_1/new/Board_constraints.xdc">
      <FileInfo>
        <Attr Name="ImportPath" Val="$PPRDIR/../../project_4_parallel_screen_and_board/project_4.srcs/constrs_1/new/Board_constraints.xdc"/>
        <Attr Name="ImportTime" Val="1594744683"/>
        <Attr Name="UsedIn" Val="synthesis"/>
        <Attr Name="UsedIn" Val="implementation"/>
      </FileInfo>
    </File>
    <Config>
      <Option Name="ConstrsType" Val="XDC"/>
    </Config>
  </FileSet>
  <Strategy Version="1" Minor="2">
    <StratHandle Name="Vivado Synthesis Defaults" Flow="Vivado Synthesis 2017"/>
    <Step Id="synth_design"/>
  </Strategy>
  <BlockFileSet Type="BlockSrcs" Name="design_1_axi_gpio_0_0"/>
  <BlockFileSet Type="BlockSrcs" Name="design_1_microblaze_0_0"/>
  <BlockFileSet Type="BlockSrcs" Name="design_1_dlmb_bram_if_cntlr_0"/>
  <BlockFileSet Type="BlockSrcs" Name="design_1_ilmb_v10_0"/>
  <BlockFileSet Type="BlockSrcs" Name="design_1_clk_wiz_0_0"/>
  <BlockFileSet Type="BlockSrcs" Name="design_1_dlmb_v10_0"/>
  <BlockFileSet Type="BlockSrcs" Name="design_1_rst_clk_wiz_0_100M_0"/>
  <BlockFileSet Type="BlockSrcs" Name="design_1_ilmb_bram_if_cntlr_0"/>
  <BlockFileSet Type="BlockSrcs" Name="design_1_axi_uartlite_0_0"/>
  <BlockFileSet Type="BlockSrcs" Name="design_1_xbar_0"/>
</GenRun>
